,TRX_date,BillNo,ItemCode,ITEMLONGNAME,Quantity,UOM_CD,TotalAmt,NetValue,POS_FINAL_QTY
0,2025-07-01,7C20020026848,101067012071,RTE SALAD BUFFET PEPITO,0.428,KGS,64200.0,64200.0,0.428
1,2025-07-01,7C20020026851,101012008984,DIAMOND FRESH MILK PLAIN 300ML,1.0,PCS,12000.0,12000.0,1.0
2,2025-07-01,7C20020026851,101024011683,SUNPRIDE PISANG CAVENDISH,0.49,KGS,15925.0,15925.0,0.49
3,2025-07-01,7C20020026851,101023011362,BABY ROMANA LETTUCE KG,0.12,KGS,25800.0,25800.0,0.12
4,2025-07-01,7C20020026851,101023011355,SELADA KERITING HIJAU KG,0.1019,KGS,14062.2,14062.0,0.1019
5,2025-07-01,7C20020026851,101005073000,MADU URAY NATURAL 150GR,1.0,PCS,29500.0,29500.0,1.0
6,2025-07-01,7C20020026851,101024011708,MANGGA GEDONG GINCU,0.484,KGS,26378.0,26378.0,0.484
7,2025-07-01,7C20020026851,101007070415,B-WELL CHIA SEED 250GR,1.0,PCS,49000.0,49000.0,1.0
8,2025-07-01,7C20020026851,101012009096,CIMORY SET YOGURT LOW FAT 400GR,1.0,PCS,44500.0,44500.0,1.0
9,2025-07-01,7C20020026851,101044049382,MONTISS SOFTPACK 260S,1.0,PCS,14500.0,14500.0,1.0
10,2025-07-01,7C20020026855,101024011683,SUNPRIDE PISANG CAVENDISH,0.756,KGS,24570.0,24570.0,0.756
11,2025-07-01,7C20020026855,101009046398,LE MINERALE GALON 15 LT,1.0,PCS,25500.0,25500.0,1.0
12,2025-07-01,7C20020026872,101012009556,JUNGLE JUICE LEMON 500ML,1.0,PCS,20000.0,20000.0,1.0
13,2025-07-01,7C20020026872,101006002362,FINNA DIPPING FOR CHICKEN  BTL340ML,1.0,PCS,20000.0,20000.0,1.0
14,2025-07-01,7C20020026872,101016010907,CHICKEN BREAST BONELESS KG,0.998,KGS,70858.0,67315.0,0.998
15,2025-07-01,7C20020026872,101014009858,FINNA KULIT LUMPIA 40S BESAR,1.0,PCS,28500.0,28500.0,1.0
16,2025-07-01,7C20020026872,101002005394,VAN HOUTEN BAR FRUIT&NUT 40GR,1.0,PCS,19000.0,19000.0,1.0
17,2025-07-01,7C20020026872,101002032721,THE NATURAL SNAKES 190GR,1.0,PCS,67500.0,67500.0,1.0
18,2025-07-01,7C20020026875,101015038440,PALETAS MANGO STRAWBERRY,2.0,PCS,70000.0,70000.0,2.0
19,2025-07-01,7C20020026875,101009036502,PRIMA MINERAL WATER 1500ML,1.0,PCS,5500.0,5500.0,1.0
20,2025-07-01,7C20020026875,101003007398,MATAHARI KACANG BAWANG PUTIH 500GR,1.0,PCS,53500.0,53500.0,1.0
21,2025-07-01,7C20020026875,101006006633,POP MIE KARE 57GR,1.0,PCS,6000.0,6000.0,1.0
22,2025-07-01,7C20020026875,101024011683,SUNPRIDE PISANG CAVENDISH,0.818,KGS,26585.0,26585.0,0.818
23,2025-07-01,7C20020026875,101024011778,KIWI SUNGOLD PUNET 4S,1.0,PCS,99000.0,99000.0,1.0
24,2025-07-01,7C20020026875,101024011729,KIWI GOLDEN,0.7779,KGS,126019.8,126020.0,0.7779
25,2025-07-01,7C20020026875,101032012971,INSTO EYE DROP ED 7.5ML,1.0,PCS,24000.0,24000.0,1.0
26,2025-07-01,7C20020026875,101006073855,POP MIE GORENG RS INDOMIE 80GR,1.0,PCS,6000.0,6000.0,1.0
27,2025-07-01,7C20020026883,101013026948,MAMAS ROAST BLACK PEPPER 100GR,1.0,PCS,24000.0,24000.0,1.0
28,2025-07-01,7C20020026883,101013026945,MAMAS FRENCH PEPPER  SALAMI 100GR,1.0,PCS,31000.0,31000.0,1.0
29,2025-07-01,7C20020026883,101044049382,MONTISS SOFTPACK 260S,1.0,PCS,14500.0,14500.0,1.0
30,2025-07-01,7C20020026883,101006052518,KEWPIE MAYONAIS ORIGINAL 70GR,1.0,PCS,12000.0,12000.0,1.0
31,2025-07-01,7C20020026883,101023011607,TOMAT GONDOL MERAH KG,0.368,KGS,20608.0,20608.0,0.368
32,2025-07-01,7C20020026883,101024064912,FRUIT CUT 30K,2.0,PCS,60000.0,60000.0,2.0
33,2025-07-01,7C20020026883,101024011683,SUNPRIDE PISANG CAVENDISH,0.744,KGS,24180.0,24180.0,0.744
34,2025-07-01,7C20020026883,101003004602,MATAHARI KACANG 250GR,1.0,PCS,26000.0,26000.0,1.0
35,2025-07-01,7C20020026883,101024011746,APEL FUJI BLUSH PREMIUM,0.3459,KGS,34935.9,34936.0,0.3459
36,2025-07-01,7C20020026883,101026074491,RTE-P PORK BELLY KG,0.292,KGS,102200.0,102200.0,0.292
37,2025-07-01,7C20020026883,101033013733,PANTENE CONDITIONER PERFECT+ON 40ML,1.0,PCS,20500.0,16900.0,1.0
38,2025-07-01,7C20020026883,101044020879,PASEO ELEGAN KITHCEN TOWEL 70S 1PLY,1.0,PCS,16500.0,16500.0,1.0
39,2025-07-01,7C20020026883,101012070141,HAPPY COW GOUDA SLICE CHEESE 150G,1.0,PCS,46000.0,46000.0,1.0
40,2025-07-01,7C20020026883,101011008653,HW TWO ISLANDS SAUVIGNON BLANC 750ML,1.0,PCS,299000.0,299000.0,1.0
41,2025-07-01,7C20020026886,101026074480,RTE-P CHICKEN YAKITORI,2.0,PCS,40000.0,40000.0,2.0
42,2025-07-01,7C20020026886,101026074491,RTE-P PORK BELLY KG,0.316,KGS,110600.0,110600.0,0.316
43,2025-07-01,7C20020026886,101002005381,SQ CHUNKY BAR DARK 4X24X85G,1.0,PCS,29000.0,29000.0,1.0
44,2025-07-01,7C20020026886,101002005630,MELTING SWEET LYCHEE  HARD CANDY 125 GR,1.0,PCS,10500.0,8900.0,1.0
45,2025-07-01,7C20020026886,101002005459,JUNGLEGOLD KOPI BALI 100GR/70GR,1.0,PCS,85500.0,85500.0,1.0
46,2025-07-01,7C20020026886,101002060013,WORCAS CHOCOLATE BAR MARGOSTEN 90GR,1.0,PCS,43000.0,43000.0,1.0
47,2025-07-01,7C20020026886,101002007967,JUNGLEGOLD COOKIES&CREAM 100GR/70GR,1.0,PCS,85500.0,85500.0,1.0
48,2025-07-01,7C20020026886,101002064225,FUPAIYUAN DURIAN MILK CANDY 200GR,1.0,PCS,28500.0,28500.0,1.0
49,2025-07-01,7C20020026886,101002062091,WOCA INDONESIA FINEST CHOCOLATE DURIAN 90GR,2.0,PCS,103000.0,103000.0,2.0
50,2025-07-01,7C20020026886,101002067990,WORCAS CHOCOLATE BAR STRAWBERRY 90GR,1.0,PCS,39000.0,39000.0,1.0
51,2025-07-01,7C20020026886,101003063872,TARU CANARIUM NUT CHOCOLATE COOKIES BOX 210GR,1.0,PCS,44500.0,44500.0,1.0
52,2025-07-01,7C20020026886,101002060020,WORCAS CHOCOLATE BAR ACEH PIDIE 90GR,1.0,PCS,49000.0,49000.0,1.0
53,2025-07-01,7C20020026886,101002005407,SQ ALMOND 10X2X10X55G,1.0,PCS,20000.0,20000.0,1.0
54,2025-07-01,7C20020026886,101002060017,WORCAS CHOCOLATE BAR BALI PULUKAN 90GR,1.0,PCS,45000.0,45000.0,1.0
55,2025-07-01,7C20020026886,101002005399,SQ CASHEW 10X2X10X55G,1.0,PCS,20000.0,20000.0,1.0
56,2025-07-01,7C20020026886,101005052743,YAVA GRANOLA WITH CASHEW CHOCOLATE VANILLA 200GR,1.0,PCS,42000.0,42000.0,1.0
57,2025-07-01,7C20020026886,101002005628,MELTING SWEET COCONUT HARD CANDY 125 GR,1.0,PCS,10500.0,8900.0,1.0
58,2025-07-01,7C20020026886,101002005393,SQ FRUIT AND NUTS 10X2X10X55G,1.0,PCS,21500.0,21500.0,1.0
59,2025-07-01,7C20020026886,101003063867,TARU OATMEAL RAISIN COOKIES BOX 210GR,1.0,PCS,44500.0,44500.0,1.0
60,2025-07-01,7C20020026888,101003056403,IBU EMI KERIPIK SINGKONG 150GR,1.0,PCS,22500.0,22500.0,1.0
61,2025-07-01,7C20020026888,101003068020,DIMAR KERIPIK BAWANG 280GR,5.0,PCS,135000.0,135000.0,5.0
62,2025-07-01,7C20020026888,101003005839,MALANG SARI KERIPIK TEMPE ORIGINAL,1.0,PCS,29500.0,29500.0,1.0
63,2025-07-01,7C20020026888,101033017416,CHARM BF SUPER COMFORT 6S,1.0,PCS,15000.0,15000.0,1.0
64,2025-07-01,7C20020026888,101009000755,AQUA MINERAL WATER 1500ML,1.0,PCS,8000.0,8000.0,1.0
65,2025-07-01,7C20020026888,101009000754,AQUA MINERAL WATER 600ML,2.0,PCS,9000.0,9000.0,2.0
66,2025-07-01,7C20020026894,101009071258,EVIAN NATURAL MINERAL WATER PET 1.5 LT,3.0,PCS,148500.0,148500.0,3.0
67,2025-07-01,7C20020026894,101010000296,POCARI SWEAT 2 LTR,1.0,PCS,26500.0,26500.0,1.0
68,2025-07-01,7C20020026894,101024011706,MANGGIS,0.244,KGS,17080.0,17080.0,0.244
69,2025-07-01,7C20020026894,101024064912,FRUIT CUT 30K,2.0,PCS,60000.0,60000.0,2.0
70,2025-07-01,7C20020026894,101003053676,TIC TIC SPICY GARLIC 70GR,1.0,PCS,8500.0,8500.0,1.0
71,2025-07-01,7C20020026894,101003035250,NABATI RICHOCO 110G MT (24PCS),1.0,PCS,9500.0,9500.0,1.0
72,2025-07-01,7C20020026894,101006000180,NONGSHIM SPICY MUSHROOM CUP 117GR,1.0,PCS,27500.0,27500.0,1.0
73,2025-07-01,7C20020026894,101006006331,SAMYANG HCR CARBONARA BOWL 105GR,1.0,PCS,32000.0,32000.0,1.0
74,2025-07-01,7C20020026894,101009070566,EVIAN MINERAL WATER PET 500ML,4.0,PCS,106000.0,106000.0,4.0
75,2025-07-01,7C20020026896,101024011767,APEL FUJI WANG SHAN,1.59,KGS,142305.0,142305.0,1.59
76,2025-07-01,7C20020026896,101024011739,PEAR PACKAM,1.02,KGS,54060.0,54060.0,1.02
77,2025-07-01,7C20020026896,101024011793,JERUK HONEY MURCOT PREMIUM,1.118,KGS,95589.0,95589.0,1.118
78,2025-07-01,7C20020026896,101024011683,SUNPRIDE PISANG CAVENDISH,0.962,KGS,31265.0,31265.0,0.962
