itemsets,support
GRANOVA BARS NUTS & SEEDS 26GR,0.0010140646355980777
POKKA OOLONG TEA 450ML,0.0010140646355980777
BIOKUL YOGURT STIRRED STRAWBERRY 80ML,0.0010140646355980777
SQ CHUNKY CASHEW 1X16X12X26G,0.0010140646355980777
BAMBOE ASIA TOM YUM,0.0010140646355980777
SQ FRUIT AND NUTS 10X2X10X55G,0.0010140646355980777
SQ DARK CHOC 10X2X10X55G,0.0010140646355980777
POTABEE SELECTIONS SALTED EGG 68GR,0.0010140646355980777
SQ VERY BERRY 10X2X10X55 G,0.0010140646355980777
CP LAPIS LEGIT MINI,0.0010140646355980777
BLUEBERRIES JOYVIO 125GR,0.0010140646355980777
CADBURY DAIRY MILK 62GR/57GR,0.0010140646355980777
GREENFIELDS YOGURT PLAIN 125GR,0.0010140646355980777
PRWN PANCET 40 KG,0.0010140646355980777
YAVA GRANOLA CHOCOLATE BANANA 400GR,0.0010140646355980777
INDOMIE SOTO LAMONGAN 80GR,0.0010140646355980777
TARAS BOLEN COKLAT KEJU,0.0010140646355980777
KOPIKO CANDY CAPUCINO 105GR,0.0010140646355980777
TOMAT CHERRY RED HIDROPONIK 250GR,0.0010140646355980777
ARLA CREAM CHEESE NATURAL 150GR,0.0010140646355980777
SMIRNOFF GREEN APPLE 275ML,0.0010140646355980777
ROMA MALKIST BAG 8X27GR,0.0010140646355980777
PUCUK HARUM TEH 350ML,0.0010140646355980777
NEW BRUXEL ORIGINAL,0.0010140646355980777
SCHWEPPES GINGER ALE CAN 250ML,0.0010140646355980777
HEAVENLY BLUSH YOGURT GREEK HONEY 100GR,0.0010140646355980777
EO HERB ROSEMARY 30GR,0.0010140646355980777
KEWPIE SAUS SIRAM WIJEN SANGRAI 200GR,0.0010140646355980777
OASIS+ PH TINGGI 500ML,0.0010140646355980777
BIOKUL YOGURT STIRRED MANGO 80ML,0.0010140646355980777
BCC PAIN DE CAMPAGNE,0.0010140646355980777
FINNA SAMBAL TERASI 240GR,0.0010140646355980777
CHICKEN BREAST (DADA AYAM) KG,0.0010140646355980777
APEL AMBROSIA,0.0010140646355980777
OATSIDE OAT MILK BARISTA BLEND 1L,0.0010140646355980777
BEEF BONE / TULANG SAPI FROZEN KG,0.0010140646355980777
LEZZA SANTAN 65ML,0.0010581544023632115
SEDAAP MIE KOREAN SPICY 87GR,0.0010581544023632115
US BLACK ANGUS CHOICE SHORTPLATE KG,0.0010581544023632115
BIOKUL YOGURT TO GO MIXBERRY 80GR,0.0010581544023632115
YAVA CASHEW RAW 75GR,0.0010581544023632115
POKKA JASMINE GREEN TEA NO SUGAR BTL 450ML,0.0010581544023632115
ROSSA TELUR RENDAH KOLESTEROL 75% 10S,0.0010581544023632115
WALLS CORNETTO DISC OREO 120ML,0.0010581544023632115
BCC TRADITTIONAL TOAST EXTRA,0.0010581544023632115
ANCHOR MINIDISH BUTTER UNSALTED 10S,0.0010581544023632115
BELCUBE PARTY CUBE PLAIN 78GR,0.0010581544023632115
PEPITO LIGHTER (N),0.0010581544023632115
GREENFIELDS FRESH MILK CHOCOMALT 1LT,0.0010581544023632115
HEAVENLY BLUSH GREEK YOGURT ORIGINAL 300GR,0.0010581544023632115
NU YOGURT TEA 450ML,0.0010581544023632115
TERONG UNGU KG,0.0010581544023632115
NEW BRUXEL CHOCOLATE,0.0010581544023632115
POLARIS BITTER LEMON 330ML,0.0010581544023632115
FRENCH FRIES 155GR,0.0010581544023632115
JERUK AFOURER,0.0010581544023632115
MAMAS FRENCH SALAMI SLICE 100GR,0.0010581544023632115
HARIBO GOLDBEAR 160GR,0.0010581544023632115
PISANG AMBON,0.0010581544023632115
COLGATE TPASTE CHARCOAL DEEP CLEAN 60GR,0.0010581544023632115
SUPERSTAR BOX 6X18GR,0.0010581544023632115
ELLIPS MASK KERATIN 18GR,0.0010581544023632115
SAORI SAUS TIRAM 140ML,0.0010581544023632115
LIDAH BUAYA KG,0.0010581544023632115
CHICKEN HEAD WITH NECK (LEHER & KEPALA AYAM) KG,0.0010581544023632115
SQ GREEN TEA 10X2X10X55 G,0.0010581544023632115
IDEAL COTTON BUD PACK BB 100S (I-123),0.0010581544023632115
WORCAS CHOCOLATE BAR STRAWBERRY 90GR,0.0010581544023632115
BCC ADD ON ESPRESSO,0.0010581544023632115
E BCC STRAWBERRY TARTLETTE,0.0010581544023632115
BINTANG CRYSTAL CAN 500ML,0.0011022441691283453
BELLE SPREAD 250GR,0.0011022441691283453
CHICKEN INTESTINES (USUS AYAM) KG,0.0011022441691283453
Q-TELA BARBEQUE 185GR,0.0011022441691283453
BIOKUL YOG GREEK TOPPING COOKIES 100 GR,0.0011022441691283453
NESCAFE CARAMEL MACCHIATO CAN 24 X 220ML,0.0011022441691283453
NONGSHIM SHIN R MUSHROOM 120GR,0.0011022441691283453
MAMAS GERMAN SALAMI KG,0.0011022441691283453
ASTOR COKLAT BESAR 150GR,0.0011022441691283453
CABE HIJAU BESAR KG,0.0011022441691283453
DELIMA IMPORT/POMEGRANATE,0.0011022441691283453
ULTRA MILK LOW FAT 250ML,0.0011022441691283453
QTELA SINGKONG BALADO 100GR,0.0011022441691283453
BINTANG CRYSTAL CAN 320X4 MULTIPACK,0.0011022441691283453
SEDAAP MIE CUP AYAM JERIT 75GR,0.0011022441691283453
JERUK LIMO 80GR,0.0011022441691283453
FANTA STRAWBERRY CAN 250ML,0.0011022441691283453
NUTELLA CHOCO JAM SPREAD 200+20GR,0.0011022441691283453
RTE FRESH JUICE NANAS,0.0011022441691283453
INDOMIE GORENG RENDANG JUMBO 120GR,0.0011022441691283453
CADBURY FRUIT & NUT 62GR/57GR,0.0011022441691283453
INDOMIE TORI MISO RAMEN 86GR,0.0011022441691283453
LOACKER NAPOLINE 45GR,0.0011022441691283453
DOLPHIN GARAM 200GR,0.0011022441691283453
SUNPRIDE RTD JUICE GUAVA PINEAPPLE CAN 220ML,0.0011022441691283453
ROSSA ULTIMO RENDAH KOLESTEROL 10S,0.0011022441691283453
NESCAFE CAPPUCINO CAN 24 X 220ML,0.0011022441691283453
CHICKEN LEG BONELESS NANASKG,0.0011022441691283453
POTABEE REGULARGRILLED SEAWEED 68GR,0.0011022441691283453
V SOY MULTI GRAIN BLASS BOTTLE 300ML,0.0011022441691283453
BCC APPLE CRUMBLE DANISH,0.0011022441691283453
E BCC CHOCOLATINE,0.0011022441691283453
CABE KERITING MERAH KG,0.001146333935893479
ZUCHINI HIJAU KG,0.001146333935893479
CABE MERAH BESAR KG,0.001146333935893479
WALLS SOLERO FRUIT MANGGA 65ML,0.001146333935893479
RTE-P PORK BELLY BENTO,0.001146333935893479
KORORO GRAPE JELLY CANDY 40G,0.001146333935893479
POKKA NATSBEE TEA HONEY LEMON 450ML,0.001146333935893479
YAVA CASHEW SKIN ON SEASALT 75GR,0.001146333935893479
SQ GREEN TEA 12X3X10X22 G,0.001146333935893479
YAVA YABITES LIGHT CHOCO 35GR,0.001146333935893479
ELLIPS HAIR VITAMIN HAIR REPAIR JAR,0.001146333935893479
PRIME BEEF RENDANG,0.001146333935893479
DOLPHIN GARAM 250GR,0.001146333935893479
SINGARAJA BEER PINT 330ML,0.001146333935893479
RTE-P CHICKEN LEG BBQ BENTO,0.001146333935893479
SEDAAP MIE KOREAN CHEESE BULDAK 86GR,0.001146333935893479
KUNYIT KG,0.001146333935893479
SUNCO OIL BOTOL 1LT,0.001146333935893479
LYCHEES IMPORT 500GR,0.001146333935893479
ANCHOR BUTTER UNSALTED 100GR,0.001146333935893479
YAVA GRANOLA PUFFS CHOCOLATE VANILLA 50GR,0.001146333935893479
PROCHIZ QUICK MELT SLICE 5S,0.001146333935893479
ULTRA MILK CHOCOLATE 250ML,0.001146333935893479
TELUR AYAM KAMPUNG 10S,0.001146333935893479
HEAVENLY BLUSH YOGURT GREEK GRANOLA 100GR,0.001146333935893479
BCC PINEAPLE JUICE,0.001146333935893479
BCC BREAKFAST COMPLETE,0.001146333935893479
BCC CAMOLE TEA,0.001146333935893479
BADAK LARUTAN PENYEGAR BTL 500ML,0.0011904237026586129
HYDRO COCO 500ML,0.0011904237026586129
NIPIS MADU PET 330ML,0.0011904237026586129
INDOMIE RAWON PEDAS MERCON 75GR,0.0011904237026586129
KOL MERAH KG,0.0011904237026586129
SELECTION KAPAS JUMBO 75GR,0.0011904237026586129
TONG GARDEN SALTED PISTACHIOS 35GR,0.0011904237026586129
SMIRNOFF RASBERRY 275ML,0.0011904237026586129
NUTELLA B-READY T1 22GR,0.0011904237026586129
SQ CHUNKY ALMOND 1X16X12X26G,0.0011904237026586129
YAVA GRANOLA CHOCOLATE VANILA  400GR,0.0011904237026586129
CHIMI UBI JAGUNG BKR 40GR,0.0011904237026586129
BCC FINANCIER,0.0011904237026586129
BCC RED VELVET CUP,0.0011904237026586129
PICCOLO LATE,0.0011904237026586129
PLAGA FARM BABY ROMAIN 250GR,0.0012345134694237469
PLAGA FARM CELERY STICK  LOKAL,0.0012345134694237469
MIE GEMEZ ENAAK SPICY CHILI 3S X 30GR,0.0012345134694237469
JERUK SHANTANG DAUN,0.0012345134694237469
HELLO PANDA CHOCO 45GR,0.0012345134694237469
TIC TIC SPICY GARLIC 70GR,0.0012345134694237469
CHITATO CHEESE SUPREME 68GR,0.0012345134694237469
GOOD DAY COFFEE CAPPUCINO BOX 5S X 25GR,0.0012345134694237469
WORCAS CHOCOLATE BAR MANGO 90GR,0.0012345134694237469
MILO RTD TIN 220ML,0.0012345134694237469
BAMBOE BUMBU RENDANG,0.0012345134694237469
YAVA GRANOLA WITH CASHEW CHOCOLATE BANANA 200GR,0.0012345134694237469
TARAS BANTAL,0.0012345134694237469
BUAVITA JUICE KOREAN WHITE PEACH 245ML,0.0012345134694237469
PLAGA FARM CORIANDER 50GR,0.0012345134694237469
GREEN TEA,0.0012345134694237469
HYDRO COCO ORIGINAL 1LTR,0.0012786032361888806
CHUPA CHUPS SOUR BITE 56GR,0.0012786032361888806
AWSE BAKSO GORENG ISI 6PC NEW,0.0012786032361888806
TONG GARDEN  SALTED PEANUT 40GR,0.0012786032361888806
BIOKUL YOGURT TO GO PLAIN 80GR,0.0012786032361888806
CHITATO LITE AYAM BAWANG 68 GR,0.0012786032361888806
WALLS PAD.POP SHAKY SHAKE,0.0012786032361888806
AWSE SIOMAY AYAM ISI 6PC NEW,0.0012786032361888806
LYCHEES IMPORT GREEN,0.0012786032361888806
BINTANG BEER CAN CP6 320 ML MULTIPACK,0.0012786032361888806
SEDAAP MIE CUP BASO BLEDUK 77GR,0.0012786032361888806
SUN KARA 65ML,0.0012786032361888806
CHICKEN THIGH (PAHA ATAS) KG,0.0012786032361888806
CRYSTALLINE PET 600ML,0.0012786032361888806
BCC TRADITTIONAL TOAST,0.0012786032361888806
CAMEL WHITE 20S,0.0012786032361888806
GORO2 SALMON ONIGIRI 18K,0.0012786032361888806
BCC MANGO JUICE,0.0012786032361888806
BIG EPOXY MAGNET,0.0013226930029540144
SIDOMUNCUL TOLAK ANGIN CAIR  BOX,0.0013226930029540144
SQ CHUNKY BAR WHITE 4X24X85G,0.0013226930029540144
APEL DAZZLE,0.0013226930029540144
BABY CORN KG,0.0013226930029540144
ITO EN OI OOLONG TEA 500ML,0.0013226930029540144
POKKA JASMINE GREEN TEA 450ML,0.0013226930029540144
A&W CAN 250ML,0.0013226930029540144
INDOMIE GORENG PEDAS 80GR,0.0013226930029540144
WORCAS CHOCOLATE BAR CARAMEL 90GR,0.0013226930029540144
CAMEL ACTIVATE PURPLE MINT,0.0013226930029540144
INDOFOOD SAMBAL BANGKOK 140ML,0.0013226930029540144
INDOMIE GORENG AYAM PANGGANG JUMBO 120GR,0.0013226930029540144
BLUEBERRIES JOYVIO JUMBO 125GR,0.0013226930029540144
BCC MADELEINE CHOCOLATE,0.0013226930029540144
SINGARAJA BEER CAN 500ML,0.0013667827697191482
GRANOVA BARS NUTS & CHOCOLATE BAR 26GR,0.0013667827697191482
BEST WOK MI GORENG HOT&SPICY 85GR,0.0013667827697191482
BEST WOK MI GORENG BLACKPEPPER SEAFOOD 85GR,0.0013667827697191482
JAMBU CINCALO HIJAU,0.0013667827697191482
WORCAS CHOCOLATE BAR VANILLA 90GR,0.0013667827697191482
WALLS PADDLE POP RAINBOW PWR 48*55ML,0.0013667827697191482
WALLS OREO STICK 80ML,0.0013667827697191482
KANZLER CHICKEN NUGGET PREMIUM 450GR,0.0013667827697191482
ULTRA TEH KOTAK 200ML,0.0013667827697191482
CHITATO LITE NORI SEAWEED 120GR,0.0013667827697191482
SPRITE PET 390ML,0.0013667827697191482
BCC SOFT WHITE TOAST,0.0013667827697191482
PRINGLES CHEESY CHEESE 42GR,0.001410872536484282
BEST WOK MI GORENG SAMBAL BELACAN 75GR,0.001410872536484282
SPRITE PET 1LT,0.001410872536484282
WORCAS CHOCOLATE BAR COCOPANDAN 90GR,0.001410872536484282
GORO2 TERIYAKI ONIGIRI 15K,0.001410872536484282
CADBURY DAIRY MILK 90GR/85GR,0.001410872536484282
LAUGHING COW CHEESE PLAIN 120GR,0.001410872536484282
AQUA MANIFESTO 1100 ML,0.001410872536484282
YOU-C 1000 VIT MANGO 140ML,0.001410872536484282
CELERY SMALL/ SELEDRI KG,0.001410872536484282
NESCAFE ICE BLACK 220ML,0.001410872536484282
MAXICORN BARBEQUE 150GR,0.001410872536484282
SUNBELL TUNA CHUNKS IN OIL 185GR,0.0008817953353026762
CHIKI TWIST KEJU DUO 75GR,0.001410872536484282
JERUK WOGAN PCS 800GR,0.001410872536484282
SEDAAP CUP KARI MERCON 79GR,0.001410872536484282
NESTLE PURE LIFE 330ML,0.001410872536484282
PRINGLES WILD SPICE 102GR,0.001410872536484282
BCC BRIOCHE TOAST,0.001410872536484282
BCC EARLY GREY TEA,0.001410872536484282
BCC SUMMER FRUIT TART WHOLE,0.001410872536484282
HOT TEA,0.001410872536484282
NISSIN CUP NOODLES SAPI JEPANG 66GR,0.0014549623032494158
CB LAPIS LEGIT SLICE,0.0014549623032494158
ANEKA BAKSO SEAFOOD KG,0.0014549623032494158
STREPSILS CANDY HONEY LEMON 8S,0.0014549623032494158
POCARI SWEAT 900ML,0.0014549623032494158
YOU-C 1000  VITAMIN APPLE 140ML,0.0014549623032494158
BCC GORO-GORO EGG SANDWICH,0.0014549623032494158
SEDAAP MIE KOREAN SPICY SOUP CUP,0.0014549623032494158
BCC SPICY CHICKEN SAUSSAGE DANISH,0.0014549623032494158
BCC ICED TEA,0.0014549623032494158
BAME BOLU KUKUS,0.0014990520700145496
YOU-C ORANGE WATER 500ML,0.0014990520700145496
YAVA YABITES TROPICAL FRUITS 125GR,0.0014990520700145496
Q-TELA SINGKONG AYAM LADA HITAM 100GR,0.0014990520700145496
PEAR GOLDEN,0.0014990520700145496
GORO2 TUNA MAYO 17K,0.0014990520700145496
OKRA HIJAU PACK 250GR,0.0014990520700145496
YAVA GRANOLA WITH CASHEW CHOCOLATE VANILLA 200GR,0.0014990520700145496
NESCAFE ORIGINAL CAN 240ML,0.0014990520700145496
CHITATO BEEF BARBEQUE 120 GR,0.0014990520700145496
RTE COOKING FEE,0.0014990520700145496
BABYBEL MINI CHEESE 5S,0.0014990520700145496
BCC WHOLE WHEAT TOAST,0.0014990520700145496
TEMPE BUNGKUS DAUN,0.0015431418367796833
POKKA LYCHEE BLACK TEA 450 ML,0.0015431418367796833
INDOMIE GORENG RENDANG 91GR,0.0015431418367796833
RTE FRESH JUICE MELON,0.0015431418367796833
CHITATO BBQ 168GR,0.0015431418367796833
BCC OAT AND RAISIN SABLE,0.0015431418367796833
CHIKI BALLS CHEESE 55GR,0.0015872316035448174
RTE-P PROSCIUTTO E MOZZARELLA,0.0015872316035448174
DRAGON FRUIT YELLOW LOCAL,0.0015872316035448174
NISSIN CUP NOODLES AYAM JEPANG 67GR,0.0015872316035448174
BINTANG CRYSTAL PINT 330ML,0.0015872316035448174
ICE CUBE,0.0015872316035448174
POP MIE GORENG RS INDOMIE 80GR,0.0015872316035448174
BEST WOK MIE GORENG ORIGINAL 85GR,0.0015872316035448174
TUNA BELLY TORO FILLET KG,0.0016313213703099511
CB LAPIS GULUNG MINI,0.0016313213703099511
CHIKI BALLS CHICKEN 55GR,0.0016313213703099511
INDOMIE GORENG AYAM GEPREK 80G,0.0016313213703099511
ELLIPS KERATIN SMOOTH&SILKY JAR,0.0016313213703099511
YAVA YABITES CHOCOLATE BANANA 125GR,0.0016313213703099511
KRATINGDAENG REG 150ML,0.0016313213703099511
JAGUNG MANIS KULIT KG,0.0016313213703099511
VICEE VITAMIN LEMON 2S,0.0016313213703099511
BINTANG CAN 500X6 MULTIPACK,0.0016313213703099511
PRISTINE 1500ML,0.0016313213703099511
KURMA CURAH,0.0016313213703099511
FANTA ORANGE PET 390ML,0.0016313213703099511
BCC WATERMELON JUICE,0.0016313213703099511
CLEO BOTOL ECOSHAPE 1500ML,0.0016313213703099511
LONG BLACK,0.0016313213703099511
HOT LEMON TEA,0.0016313213703099511
KURMA PALM 250GR,0.001675411137075085
CIMORY YOGURT SQUEEZE PEACH 120GR,0.001675411137075085
ITO EN OI JASMINE GREEN TEA UNSWEET 500ML,0.001675411137075085
BIOKUL SET YOGURT PLAIN 500ML,0.001675411137075085
BCC ARTISAN RYE SOURDOUGH,0.001675411137075085
FUKUMI RICE BOX 280GR,0.001675411137075085
JERUK LUMAJANG,0.001675411137075085
MARLBORO ICE BLAST 20,0.001675411137075085
POP MIE TORI MISO RAMEN CUP 77GR,0.001675411137075085
SMIRNOFF ICE PINK LEMONADE 275ML,0.001675411137075085
BEST WOK MI GORENG THAI CHILI LIME 75GR,0.001675411137075085
BAKERS BREAKFAST,0.001675411137075085
BCC MOCHA LATTE,0.001675411137075085
BROCCOLI IMPORT KG,0.0017195009038402187
GREENFIELD UHT FULL CREAM 1LT,0.0017195009038402187
WINGKO ENAK,0.0017195009038402187
AQUA 1500ML X 6 MULTIPACK,0.0017195009038402187
ELLIPS HAIR VIT SHINY BLACK BLISTER,0.0017195009038402187
TWISKO KEJU BAKAR 70GR,0.0017195009038402187
DAUN MINT 100GR,0.0017195009038402187
MANGGA BRAZIL,0.0017195009038402187
RTE-P JAMBON BEURRE,0.0017195009038402187
BRASTAGI BABY CARROT 500GR,0.0017195009038402187
Q-TELA TEMPE RUMPUT LAUT 55GR,0.0017195009038402187
HD PUTU MAYANG 2 PC,0.0017195009038402187
STARBUCKS DOUBLESHOT ESPRESSO LATTE CAN 220ML,0.0017195009038402187
GREENFIELDS FRESH FULL CREAM 320 ML,0.0017195009038402187
CLEO ECO 550ML,0.0017195009038402187
BCC MIX OF OMLETTE,0.0017195009038402187
"BCC CAPPUCCINO, BCC MIX OF OMLETTE",0.0008377055685375425
POCARI SWEAT ION WATER 500ML,0.0017635906706053525
MELON SKY ROCKET,0.0017635906706053525
CAMEL YELLOW 20,0.0017635906706053525
BEST WOK RAMEN JAPANESE CURRY 75GR,0.0017635906706053525
CHIKI PUFFS CHEDDAR CHEESE 60GR,0.0017635906706053525
BEETROOT KG,0.0017635906706053525
NONGSHIM SPICY MUSHROOM CUP 117GR,0.0017635906706053525
WORCAS CHOCOLATE BAR MATCHA 90GR,0.0017635906706053525
BABY ROMANA LETTUCE KG,0.0017635906706053525
NESCAFE LATTE 24 X 220ML,0.0017635906706053525
RED BULL ENERGY DRINKS CAN 250ML,0.0017635906706053525
POCARI SWEAT 2 LTR,0.0017635906706053525
BCC ALMOND SEED SABLE,0.0017635906706053525
OATSIDE BARISTA STRAW 200ML,0.0017635906706053525
BCC SALMON SOUR CREAM SANDO,0.0017635906706053525
BCC ARTISAN WHOLEMEAL SOURDOUGH,0.0017635906706053525
CHICKEN DRUMSTICK (PAHA BAWAH) KG,0.0017635906706053525
BCC COCONUT CHOCOLATE SABLE,0.0017635906706053525
BCC ICED LEMON TEA,0.0017635906706053525
BCC SCRAMBLE EGG,0.0017635906706053525
CRYSTALLINE PET 1500ML,0.0018076804373704863
YAVA GO NOLA CHOCOLATE VANILLA 30GR,0.0018076804373704863
BEST WOK MI GORENG EXPLODEZ KOREAN CHEESE 73GR,0.0018076804373704863
PRISTINE 600ML,0.0018076804373704863
CHICKEN SKIN (KULIT AYAM) KG,0.0018076804373704863
INDOMIE AYAM BAWANG 69GR,0.0018076804373704863
SALMON FILLET FRESH KG,0.0018076804373704863
BIOKUL GREEK YOGURT PLAIN 80GR,0.0018076804373704863
SELECTION KAPAS ROUND 80S,0.00185177020413562
PRINGLES SMOKEY GRILLED STEAK 102GR,0.00185177020413562
SEDAAPMIE KOREANSPICYCHICKEN CUP,0.00185177020413562
SEDAAP MIE INSTANT CUP BASO SPECIAL 85GR,0.00185177020413562
YAVA GRANOLA CHOCOLATE BANANA 90GR,0.00185177020413562
NICE SOFT  MULTI PACK BOGOF 200S,0.00185177020413562
WORCAS CHOCOLATE BAR HAZELNUT 90GR,0.00185177020413562
BEAR BRAND 189ML,0.00185177020413562
MAMASUKA NORI P2 GIM,0.00185177020413562
TARAS MANGKOK ISI 2,0.00185177020413562
CABE RAWIT HIJAU KG,0.00185177020413562
ALPUKAT MENTEGA SUPER 500GR UP KG,0.00185177020413562
YAKULT DOUBLE PACK,0.0018958599709007538
BINTANG ARAK BREMER JERUK & MADU 620ML,0.0018958599709007538
DORY FILLET KG,0.0018958599709007538
YAVA CASHEW PIECES 75GR,0.0018958599709007538
INDOMIE KRITING GRG SPC 91GR,0.0018958599709007538
CIMORY YOGURT SQUEEZE ORIGINAL 120GR,0.0018958599709007538
WORCAS CHOCOLATE BAR TIRAMISU 90GR,0.0018958599709007538
YOU-C LEMON WATER 500ML,0.0018958599709007538
ROMA MALKIS CHOCOLATE 120GR,0.0018958599709007538
BCC DOUBLE SHOOT ESPRESO,0.0018958599709007538
Q-TELA TEMPE ORIGINAL 55GR,0.0019399497376658878
CHITATO CHICKEN BARBEQUE FLA 68GR,0.0019399497376658878
TARAS LEMPER AYM /PDS,0.0019399497376658878
CIMORY YOGURT SQUEEZE STRAWBERRY 120GR,0.0019399497376658878
TIMUN LOKAL KG,0.0019399497376658878
KINDER JOY BOYS 20GR,0.0019399497376658878
WORCAS CHOCOLATE BAR COCOA NIBS 90GR,0.0019399497376658878
NONGSHIM SHIN R MUSHROOM 72GR,0.0019399497376658878
CHICKEN BACK (PUNGGUNG AYAM) KG,0.0019399497376658878
PEP.CHICKEN BREAKFAST WITH HERB SSG KG,0.0019840395044310216
BEST WOK MI GORENG KOREAN XTRA HOT 73GR,0.0019840395044310216
PRINGLES SOUR CREAM&ONION 42GR,0.0019840395044310216
STRAWBERRY 250GR,0.0019840395044310216
ULTRA MILK FULL CREAM 250ML,0.0019840395044310216
JAGUNG MANIS KUPAS KG,0.0019840395044310216
LETTUCE HEAD KG,0.0019840395044310216
BINTANG BEER PINT CP6 330 ML,0.0019840395044310216
CITRA RASA MANISAN MANGGA BOX 1000ML,0.0020281292711961554
NANAS HONI SUNPRIDE SMALL 9S,0.0020281292711961554
BUAVITA JUICE GUAVA 250ML,0.0020281292711961554
POP MIE GORENG SPESIAL 80GR,0.0020281292711961554
HEAVENLY BLUSH GREEK YOGHURT 1KG,0.0020281292711961554
ITOEN OI OCHA UNSWEETENED HOJICHA 500ML,0.002072219037961289
YAKULT LIGHT 5S,0.002072219037961289
PAPRIKA HIJAU KG,0.002072219037961289
INDOMIE AYAM SPECIAL 68GR,0.002072219037961289
DAUN BAWANG FRE 150GR,0.002072219037961289
MATAHARI KACANG BAWANG PUTIH 500GR,0.002072219037961289
SAMYANG HCR CARBONARA BOWL 105GR,0.002072219037961289
CHITATO PLAIN SALT 68GR,0.002072219037961289
TOFU UDANG 140GR,0.002116308804726423
WOW SPAGETI AGLIO OLIO 75GR,0.002116308804726423
"WOW SPAGETI AGLIO OLIO 75GR, WOW SPAGHETHI CARBONARA 88GR",0.0010140646355980777
"WOW SPAGETI AGLIO OLIO 75GR, WOW SPAGHETHI BOLOGNESE 84GR",0.0012786032361888806
CHIKI BALLS COKLAT 55GR,0.002116308804726423
SEDAAP MIE KARE AYAM,0.002116308804726423
BINTANG ANGGUR MERAH PINT 330ML,0.002116308804726423
RTE-P HALF CHICKEN ROASTED,0.002116308804726423
HYDRO COCO VITA-D 330ML,0.002116308804726423
ROMA MALKIST 150GR,0.002116308804726423
BIKANG BANYUMAS,0.002116308804726423
PUKIS BANYUMAS,0.002116308804726423
HYDRO COCO 330ML,0.002116308804726423
ULTRA MILK FULL CREAM 1000ML,0.0021603985714915568
INDOMIE KRITING AYAM PANGGANG 91GR,0.0021603985714915568
TARAS DDR GULUNG,0.0021603985714915568
CITRA RASA MANISAN MANGGA BOX,0.0021603985714915568
RTE FRESH JUICE ALPUKAT,0.0021603985714915568
CAISIM KG,0.0021603985714915568
YAKULT MANGO 5S,0.0021603985714915568
BCC LONG BUN 6 PCS,0.0021603985714915568
BCC RAISIN BREAD LOAF,0.0021603985714915568
BCC MADELEINE,0.0021603985714915568
INDOMIE SOTO SPECIAL 75GR,0.0022044883382566906
GULAKU TEBU PREMIUM 1KG,0.0022044883382566906
BINTANG CRYSTAL CAN 320ML,0.002116308804726423
"BINTANG CRYSTAL CAN 320ML, BINTANG RADLER CAN 320ML",0.001146333935893479
SMIRNOFF ICED 275ML,0.0022044883382566906
CIMORY YOGURT SQUEEZE BLUEBERRY 120GR,0.0022044883382566906
PRIME BEEF TOP SIDE KG,0.0022044883382566906
HARYS JAPAS 8.5K,0.0022485781050218243
BUAVITA LYCHEE 250ML,0.0022485781050218243
PEAR PACKAM,0.0022485781050218243
CHICKEN GIZZARD / AMPELA AYAM KG,0.0022485781050218243
LENGKENG IMPORT,0.0022485781050218243
BCC CHOCOLATE CHIP BROWNIES,0.0022485781050218243
MELON SAGATA,0.0022485781050218243
BCC HOT CHOCOLATE,0.0022485781050218243
TELUR AYAM NEGERI ORANGE 10S,0.002292667871786958
RED ONION KG,0.002292667871786958
CIMORY YOGURT SQUEEZE MANGO STICKY RICE 120GR,0.002292667871786958
GOLDEN SPARKLING ACARAKI 320ML,0.002292667871786958
INDOMIE KARE 70GR,0.002292667871786958
HD TAHU TEMPE BACEM,0.002336757638552092
MARLBORO LIGHTS,0.002336757638552092
COCONUT COCO THUMB PCS,0.002336757638552092
CHIKI TWIST ROAST CORN 75GR,0.002336757638552092
TWISKO 80GR,0.002336757638552092
KINDER JOYS GIRLS 20GR,0.002336757638552092
M2000 M 07 MAGNET,0.002336757638552092
ELLIPS HAIR VIT SMOOTH&SHINY BLISTER,0.002336757638552092
"ELLIPS HAIR VIT HAIR RECOVERY BLISTER, ELLIPS HAIR VIT SMOOTH&SHINY BLISTER",0.0012345134694237469
SUNKIST NAVEL RRC,0.0023808474053172257
PRIME BEEF STRIPLOIN KG,0.0023808474053172257
MOCHIKU ISI 6,0.0023808474053172257
BCC ARTISAN QUINOA CHIA  SEED,0.0023808474053172257
TELUR AYAM NEGERI 10S,0.0023808474053172257
BCC BROWNIS HALF,0.0023808474053172257
BCC ICED CHOCOLATE,0.0023808474053172257
BCC FLAT WHITE,0.0023808474053172257
DIAMOND FRESH MILK PLAIN 300ML,0.0024249371720823595
AQUA CLICK N GO 750ML,0.0024249371720823595
SCHWEPPES TONIC CAN 250ML,0.0024249371720823595
PRINGLES ORIGINAL 42GR,0.0024249371720823595
Q-TELA KRIP SGK BARBEQUE 60GR,0.0024249371720823595
BCC CHOCOLATE MOUSSE CUP CAKE,0.0024249371720823595
NANAS MADU KUPAS 2S,0.0024249371720823595
BCC ARTISAN MULTI SEEDS SOURDOUGH,0.0024249371720823595
DAUN BAWANG BESAR 150GR,0.0024690269388474937
SAMPOERNA MILD 16,0.0024690269388474937
RTE BEEF BENTO,0.0024690269388474937
WOW SPAGHETHI BOLOGNESE 84GR,0.0024690269388474937
"WOW SPAGHETHI BOLOGNESE 84GR, WOW SPAGHETHI CARBONARA 88GR",0.0012345134694237469
SEDAAP MIE INSTANT  CUP SOTO  85GR,0.0024690269388474937
MATAHARI KACANG 250GR,0.0024690269388474937
YAVA GRANOLA CHOCOLATE VANILLA 90GR,0.0024690269388474937
TAOGE 250 GR,0.0024690269388474937
TARAS ONDE-ONDE ISI 2,0.0025131167056126275
APEL ENVY,0.0025131167056126275
JAMBU KLUTUK MERAH,0.0025131167056126275
JERUK PAMELO MADU,0.0025131167056126275
SAWI PUTIH KG,0.0025131167056126275
TARAS LEMPER BKR,0.0025131167056126275
POP MIE GORENG RS INDOMIE GORENG 42GR,0.0025131167056126275
COLLAGENA SUSU STERIL WITH KOLAGEN 189ML,0.0025131167056126275
SPRITE CAN 250ML,0.0025131167056126275
WIJAYA MARTABAK TELUR AYAM,0.0025572064723777613
MUSHROOM KANCING BELAH PCS 200GR PACK,0.002601296239142895
COCA COLA ZERO PET 1LT,0.002601296239142895
TOFU TELUR AYAM 140GR,0.002601296239142895
LE MINERALE 330ML,0.002601296239142895
CHICKEN WING (SAYAP AYAM) KG,0.002645386005908029
HD LAPIS PEPE 2 PC,0.002645386005908029
INDOMIE SOTO 70GR,0.002645386005908029
WOW SPAGHETHI CARBONARA 88GR,0.002645386005908029
YM MELLE CREPES ALL VARIAN,0.002645386005908029
BIOKUL YOGURT STIRRED PLAIN 80ML,0.002645386005908029
POCARI SWEAT PET 350ML,0.002645386005908029
PRINGLES CHEESY CHEESE 102GR,0.002645386005908029
KINDER BUENO CHOCO T-2,0.002645386005908029
YOU-C 1000 VITAMIN LEMON 140ML,0.0026894757726731626
POLARIS SODA WATER 330ML,0.0026894757726731626
RTE-P CHICKEN CRISPY SANDWICH,0.0026894757726731626
BCC CIABATA BREAD 3 PCS,0.0026894757726731626
CHITATO SPICY CHICKEN 68GR,0.0026894757726731626
YAVA GRANOLLA BITES COCONUT BANANA 125GR,0.0027335655394382964
BELIMBING BANGKOK,0.0027335655394382964
"BELIMBING BANGKOK, MANGGIS",0.0010581544023632115
TELUR MERAH 6S,0.0027335655394382964
KEMBANG KOL KG,0.002645386005908029
CHITATO BEEF BBQ 68GR,0.00277765530620343
BCC SMOKED CHICKEN SALAD WRAP,0.00277765530620343
KOL PUTIH BULAT KG,0.002821745072968564
BCC WHOLE WHEAT TOAST LOAF,0.002821745072968564
ROSSA ULTIMO TELUR OMEGA 3 10S,0.002821745072968564
INDOMIE GORENG MIE ACEH 90GR,0.002821745072968564
BUNCIS KG,0.002821745072968564
"BUNCIS KG, WORTEL MEDAN KG",0.0011022441691283453
CHITATO LITE SOUR CREAM ONION 68GR,0.002821745072968564
GRAPE RED GLOBE RRC,0.002821745072968564
"GRAPE RED GLOBE RRC, SUNPRIDE PISANG CAVENDISH",0.0010581544023632115
BCC PEPPERONI PIZZA BREAD,0.002821745072968564
CHICKEN LEG (PAHA AYAM) KG,0.0028658348397336978
PRIMA MINERAL WATER 600ML,0.0028658348397336978
BALI HAI DRAFT CAN 490ML,0.002645386005908029
TARAS PASTEL,0.0028658348397336978
BCC CHOCOLATE CHIP CUP CAKE,0.0028658348397336978
BINTANG BREMER 620ML,0.0026894757726731626
MERUBALI COCONUT CHIPS 50GR,0.0029099246064988316
"MERUBALI COCONUT CHIPS 50GR, MERUBALI COCONUT CHIPS CHOCOLATE 50GR",0.0018958599709007538
KELAPA MUDA KUPAS PCS,0.0029099246064988316
YAVA GRAN CHOCOLATE BANANA125GR,0.0029099246064988316
SQ CHUNKY BAR CASHEW 4X24X85 G,0.0029540143732639653
"SQ CHUNKY ALMOND 4X24X85G, SQ CHUNKY BAR CASHEW 4X24X85 G",0.001146333935893479
BCC LEMON CREAM CAKE,0.0029540143732639653
ELLIPS HAIR VIT NUTRI COLOR BLISTER,0.002998104140029099
"ELLIPS HAIR VIT NUTRI COLOR BLISTER, ELLIPS HAIR VITALITY BLISTER",0.0012786032361888806
"ELLIPS HAIR VIT HAIR RECOVERY BLISTER, ELLIPS HAIR VIT NUTRI COLOR BLISTER",0.001675411137075085
JAHE GAJAH KG,0.002998104140029099
NESTLE PURELIFE 600ML,0.002998104140029099
BCC SOFT ROLL 5 PCS,0.002998104140029099
CHICKEN FEET (KAKI AYAM) KG,0.003042193906794233
GRAPE BLACK AUTUMN AUST,0.003042193906794233
HD GENTAS 3 PC,0.003042193906794233
CHITATO LITE NORI SEAWEED 68GR,0.003042193906794233
BCC TOAST BREAD,0.003042193906794233
JERUK HONEY MURCOT RRC,0.0030862836735593667
BABY KYURI KG,0.0031303734403245005
TARAS MOCHI ALL VARIAN,0.0031303734403245005
SALAK GULA PASIR,0.0031303734403245005
ELLIPS HAIR VITALITY BLISTER,0.0031744632070896347
"ELLIPS HAIR VIT HAIR RECOVERY BLISTER, ELLIPS HAIR VITALITY BLISTER",0.0012786032361888806
BCC BANANA CAKE LOAF,0.0031744632070896347
GREENFIELDS FRESH MILK FULL CREAM 1890ML,0.0031744632070896347
TOMAT CHERRY RED KG,0.002998104140029099
SUNKIST NAVEL,0.0031744632070896347
PAPRIKA MERAH KG,0.0032185529738547685
Q-TELA BALADO 60GR,0.0032185529738547685
BINTANG ARAK PINT JERUK&MADU 330ML,0.0032185529738547685
ALPUKAT HAAS LOCAL,0.0032185529738547685
BRENDA BIKANG AMBON,0.0032626427406199023
NESCAFE COFFEE GULA AREN CAN 220ML,0.0032626427406199023
TARSS SOERABI SOLO,0.0032626427406199023
COCA COLA COKE ZERO PET 390ML,0.003306732507385036
APEL FUJI WANG SHAN,0.003306732507385036
POP MIE SOTO AYAM 110GR,0.0032626427406199023
BCC ES KOPI CAR,0.003306732507385036
SEDAAP MIE GORENG,0.00335082227415017
CHICKEN FILLET (HAS DALAM AYAM) KG,0.0033949120409153036
POP MIE PEDES GLEDEEK,0.0033949120409153036
"MANGGIS, POP MIE PEDES GLEDEEK",0.0010140646355980777
"POP MIE KARE 57GR, POP MIE PEDES GLEDEEK",0.0010140646355980777
HD LAPIS BERAS 2 PC,0.0034390018076804374
CHICKEN BREAST BONELESS S/LESS PINEAPLE FED KG,0.0034390018076804374
YM  MOCHI ALL VARIAN,0.003483091574445571
"ORCHID MOCHI ALL VARIAN, YM  MOCHI ALL VARIAN",0.0010140646355980777
SQ CHUNKY ALMOND 4X24X85G,0.003483091574445571
WIJAYA LUMPIA SAYUR AYAM,0.003483091574445571
BCC ICED CAPPUCINO,0.003483091574445571
SEDAAPMIE KARI SPCCUP 81 GR,0.003527181341210705
"SEDAAP MIE INSTANT CUP GORENG 85GR, SEDAAPMIE KARI SPCCUP 81 GR",0.0010581544023632115
APEL RED WASHINGTON,0.003527181341210705
YAVA SEA SALT 35GR,0.003527181341210705
"YAVA SEA SALT 35GR, YAVA SWEET & SPICY CASHEW NUTS 35GR",0.0012345134694237469
"YAVA COCOA 35GR, YAVA SEA SALT 35GR",0.0012786032361888806
"YAVA GARLIC PAPPER CASHEWS 35GR, YAVA SEA SALT 35GR",0.0013667827697191482
"YAVA ROASTED CASHEW 35GR, YAVA SEA SALT 35GR",0.0014549623032494158
BCC LAMINGTON RASPBERRY SLICE,0.003527181341210705
YOU-C 1000 VITAMIN ORANGE 140ML,0.0035712711079758388
CHICKEN BROILER (AYAM BROILER) KG,0.0035712711079758388
SOFFELL CAIR SPRAY KULIT JERUK 80ML,0.0035712711079758388
TELUR MERAH 10S,0.0035712711079758388
"SUNPRIDE PISANG CAVENDISH, TELUR MERAH 10S",0.0011022441691283453
WIJAYA LUMPIA BASAH AYAM,0.0035712711079758388
BCC CHOCOLATE WORDING,0.0035712711079758388
BAWANG MERAH KG,0.0036153608747409726
"BAWANG MERAH KG, BAWANG PUTIH KG",0.0024249371720823595
BCC SMOKEY BEEF SANDWICH,0.0036153608747409726
CHITATO INDOMIE GORENG 68GR,0.0036594506415061063
YAVA ROASTED CASHEW 35GR,0.00370354040827124
"YAVA CHILI LIME 35GR, YAVA ROASTED CASHEW 35GR",0.0012786032361888806
"YAVA GARLIC PAPPER CASHEWS 35GR, YAVA ROASTED CASHEW 35GR",0.001410872536484282
"YAVA ROASTED CASHEW 35GR, YAVA SWEET & SPICY CASHEW NUTS 35GR",0.0015872316035448174
"YAVA COCOA 35GR, YAVA ROASTED CASHEW 35GR",0.0015872316035448174
"YAVA COCOA 35GR, YAVA ROASTED CASHEW 35GR, YAVA SWEET & SPICY CASHEW NUTS 35GR",0.0010140646355980777
RTE FRESH JUICE DRAGON,0.003747630175036374
"RTE FRESH JUICE DRAGON, RTE SALAD BUFFET PEPITO",0.0011904237026586129
RTE-P BBQ PORK RIBS KG,0.003747630175036374
"RTE-P BBQ PORK RIBS KG, RTE-P PORK BELLY KG",0.0010140646355980777
"RTE SALAD BUFFET PEPITO, RTE-P BBQ PORK RIBS KG",0.0010581544023632115
BCC STRAWBERRY CHEESE CAKE SLICE,0.003747630175036374
LE MINERALE GALON 15 LT,0.0037917199418015077
BINTANG CAN 500ML,0.0037917199418015077
AQUA MINERAL WATER 330ML,0.0038358097085666415
TARAS KLEPON TNH LOT,0.0038358097085666415
AWSE SIOMAY AYAM UDANG ISI 6PC NEW,0.0038358097085666415
BCC ICED MATCHA 16OZ,0.0038358097085666415
YAVA GRANOLLA BITES CHO VANILLA 125GR,0.0038798994753317757
BCC LE MOULE,0.0038798994753317757
PEP CHICKEN BURGER CRISPY,0.0039239892420969095
RTE FRESH JUICE ORANGE,0.0039239892420969095
"RTE FRESH JUICE ORANGE, RTE SALAD BUFFET PEPITO",0.001675411137075085
BCC EMMENTAL CHEESE CROISSSANT,0.0039239892420969095
CABE RAWIT MERAH KG,0.003968079008862043
"BAWANG PUTIH KG, CABE RAWIT MERAH KG",0.0011022441691283453
Q-TELA ORIGINAL 60GR,0.003968079008862043
BCC HAM & CHEESE CROISSANT,0.003968079008862043
"BCC CAPPUCCINO, BCC HAM & CHEESE CROISSANT",0.00092588510206781
MUSHROOM CHAMPIGNON 250GR PACK,0.004012168775627177
SEMANGKA KUNING NB,0.004012168775627177
APEL ROYAL GALA NZ,0.004012168775627177
"APEL ROYAL GALA NZ, SUNPRIDE PISANG CAVENDISH",0.0015872316035448174
JAMBU CINCALO MERAH,0.004012168775627177
"JAMBU CINCALO MERAH, SUNPRIDE PISANG CAVENDISH",0.0010581544023632115
YAVA GARLIC PAPPER CASHEWS 35GR,0.004012168775627177
"YAVA GARLIC PAPPER CASHEWS 35GR, YAVA SWEET & SPICY CASHEW NUTS 35GR",0.001675411137075085
"YAVA COCOA 35GR, YAVA GARLIC PAPPER CASHEWS 35GR",0.001675411137075085
"YAVA CHILI LIME 35GR, YAVA GARLIC PAPPER CASHEWS 35GR",0.0018076804373704863
BCC SABLE BRETON 60GR,0.004012168775627177
COCA COLA PET 1LT,0.004056258542392311
BCC SABLE CHOCOLATE BRETON 60GR,0.004056258542392311
BCC SMOKE BEEF PIZZA BREAD,0.004056258542392311
HARYS JAPAS 10.5K,0.004144438075922578
APEL GRANY SMITH,0.004144438075922578
YAKULT 5S,0.004188527842687712
ITO EN OI OCHA  UNSWEET GREEN TEA 500ML,0.004188527842687712
RTE FRESH JUICE SEMANGKA,0.004188527842687712
"RTE FRESH JUICE SEMANGKA, RTE SALAD BUFFET PEPITO",0.0010581544023632115
RTE-P CLUB SANDWICH,0.004188527842687712
BCC CHICKEN PIZZA BREAD,0.004188527842687712
BCC LEMON TART MERINGUE,0.00427670737621798
BCC ARTISAN VANILLA PRALINE,0.004232617609452846
"BCC ARTISAN VANILLA PRALINE, BCC CAPPUCCINO",0.0009699748688329439
PAKCOY KG,0.0043207971429831135
NANAS MADU SLICE 4S PCS,0.0043207971429831135
BCC ARTISAN NORDIC SOURDOUGH BREAD,0.0043207971429831135
POCARI SWEAT PET 500ML,0.0043207971429831135
BCC CHOCOLATE TARTELETTE,0.004364886909748247
"BCC CAPPUCCINO, BCC CHOCOLATE TARTELETTE",0.0011022441691283453
COCA COLA PET 390ML,0.004364886909748247
PEAR CENTURY,0.004408976676513381
"PEAR CENTURY, SUNPRIDE PISANG CAVENDISH",0.0013226930029540144
GREENFIELDS FRESH MILK FULL CREAM 1LT,0.004408976676513381
PRINGLES SOUR CREAM 102GR,0.004497156210043649
LE MINERALE GALON 5LT,0.0045412459768087825
MARKISA,0.0045412459768087825
"DRAGON FRUIT MERAH, MARKISA",0.0011022441691283453
"MANGGIS, MARKISA",0.0022044883382566906
COCA COLA CAN 250ML,0.004585335743573916
ELLIPS HAIR VIT HAIR RECOVERY BLISTER,0.00462942551033905
"ELLIPS HAIR VIT HAIR RECOVERY BLISTER, MERUBALI COCONUT CHIPS CHOCOLATE 50GR",0.0010581544023632115
BINTANG CAN 320ML,0.00462942551033905
"BINTANG CAN 320ML, BINTANG RADLER CAN 320ML",0.0014990520700145496
BEEF TOMATO RED KG,0.00462942551033905
"BAWANG BOMBAY KG, BEEF TOMATO RED KG",0.0011022441691283453
HAPPY EGG TELUR OMEGA 10S,0.004717605043869318
SALAK PONDOH SUPER,0.004805784577399585
"MANGGIS, SALAK PONDOH SUPER",0.0019399497376658878
SOFFELL B.GERANIUM SPRAY 80ML,0.004805784577399585
"MANGGIS, SOFFELL B.GERANIUM SPRAY 80ML",0.0010140646355980777
BCC DONUT CHOCOLATE NUT,0.004849874344164719
"BCC DONUT ALMOND BLANCH, BCC DONUT CHOCOLATE NUT",0.0012345134694237469
YAVA SWEET & SPICY CASHEW NUTS 35GR,0.004893964110929853
"TARI BALI MEMAN KACANG 300GR, YAVA SWEET & SPICY CASHEW NUTS 35GR",0.0010140646355980777
"MANGGIS, YAVA SWEET & SPICY CASHEW NUTS 35GR",0.0010140646355980777
"YAVA CHILI LIME 35GR, YAVA SWEET & SPICY CASHEW NUTS 35GR",0.0019840395044310216
"YAVA COCOA 35GR, YAVA SWEET & SPICY CASHEW NUTS 35GR",0.0023808474053172257
BCC DONUT ALMOND BLANCH,0.004893964110929853
"BCC DONUT ALMOND BLANCH, BCC DONUT CHEESE",0.0010581544023632115
"BCC DONUT ALMOND BLANCH, BCC DONUT MATCHA",0.001146333935893479
"BCC DONUT ALMOND BLANCH, BCC DONUT CHOCOLATE",0.001146333935893479
POP MIE BASO 58GR,0.004938053877694987
"POP MIE BASO 58GR, POP MIE KARE 57GR",0.0014549623032494158
"POP MIE AYAM 57GR, POP MIE BASO 58GR",0.0018076804373704863
CHICKEN LEG BONELESS W/SKIN (PAHA TANPA TULANG) KG,0.004938053877694987
WIJAYA LUMPIA SEMARANG AYAM,0.004938053877694987
BINTANG RADLER PINT 330ML,0.004982143644460121
"BINTANG RADLER PINT 330ML, MANGGIS",0.0011022441691283453
"BINTANG BTL 330ML, BINTANG RADLER PINT 330ML",0.0015431418367796833
RTE-P BLACK SESAME SALMON BAGUET,0.005026233411225255
"RTE SALAD BUFFET PEPITO, RTE-P BLACK SESAME SALMON BAGUET",0.001146333935893479
MATAHARI KACANG BAWANG PUTIH 250GR,0.005070323177990389
"MATAHARI KACANG BAWANG PUTIH 250GR, TARI BALI MEMAN KACANG 300GR",0.0010581544023632115
YAVA CHILI LIME 35GR,0.005070323177990389
"YAVA CHILI LIME 35GR, YAVA COCOA 35GR",0.0016313213703099511
KYURI/ TIMUN JEPANG KG,0.0051144129447555225
KIWI GOLDEN,0.00520259247828579
"KIWI GOLDEN, SUNPRIDE PISANG CAVENDISH",0.0011022441691283453
RTE-P ROAST CHICKEN LEG PEPPER KG,0.00520259247828579
"RTE-P CHICKEN YAKITORI, RTE-P ROAST CHICKEN LEG PEPPER KG",0.0012345134694237469
"RTE SALAD BUFFET PEPITO, RTE-P ROAST CHICKEN LEG PEPPER KG",0.002072219037961289
PRIMA MINERAL WATER 1500ML,0.005246682245050924
RTE-P BISTRO DELLY CLUB SANDWICH,0.0053348617785811915
"RTE SALAD BUFFET PEPITO, RTE-P BISTRO DELLY CLUB SANDWICH",0.001146333935893479
YAVA COCOA 35GR,0.0053348617785811915
"MERUBALI COCONUT CHIPS CHOCOLATE 50GR, YAVA COCOA 35GR",0.0011022441691283453
BCC ALMOND DANISH,0.005290772011816058
"BCC ALMOND DANISH, BCC CAPPUCCINO",0.002072219037961289
FRUIT CUT 25K,0.005599400379171994
"FRUIT BOX 20 NEW, FRUIT CUT 25K",0.002116308804726423
RTE-P CHICKEN & MAYO SANDWICH,0.005599400379171994
"RTE SALAD BUFFET PEPITO, RTE-P CHICKEN & MAYO SANDWICH",0.0014549623032494158
NESTLE PURELIFE 1500ML,0.005643490145937128
DIAMOND FRESH MILK PLAIN 946ML,0.005643490145937128
"DIAMOND FRESH MILK PLAIN 946ML, SUNPRIDE PISANG CAVENDISH",0.0012345134694237469
BCC MATCHA ALMOND CROISSANT,0.005687579912702262
"BCC ALMOND CROISSANT, BCC MATCHA ALMOND CROISSANT",0.0011904237026586129
BINTANG BTL 330ML,0.0057316696794673955
GROUND CHICKEN (AYAM GILING) KG,0.0057316696794673955
APEL FUJI BLUSH PREMIUM,0.005775759446232529
"APEL FUJI BLUSH PREMIUM, DRAGON FRUIT MERAH",0.0010140646355980777
"APEL FUJI BLUSH PREMIUM, SUNPRIDE PISANG CAVENDISH",0.0016313213703099511
BCC CREAM CHEESE DANISH,0.0057316696794673955
"BCC CAPPUCCINO, BCC CREAM CHEESE DANISH",0.002821745072968564
BCC ARTISAN CRUSTY BAGUETTE,0.005819849212997663
SEDAAP MIE INSTANT CUP GORENG 85GR,0.005819849212997663
"POP MIE KARE 57GR, SEDAAP MIE INSTANT CUP GORENG 85GR",0.0010581544023632115
"AQUA MINERAL WATER 1500ML, SEDAAP MIE INSTANT CUP GORENG 85GR",0.0011022441691283453
"POP MIE AYAM 57GR, SEDAAP MIE INSTANT CUP GORENG 85GR",0.001146333935893479
MANGGA GEDONG GINCU,0.005819849212997663
"DRAGON FRUIT MERAH, MANGGA GEDONG GINCU",0.0012345134694237469
"MANGGA GEDONG GINCU, MANGGIS",0.0025131167056126275
BINTANG RADLER CAN 320ML,0.005908028746527931
"BINTANG RADLER CAN 320ML, MANGGIS",0.0013226930029540144
JERUK NIPIS,0.0059521185132930645
"JERUK NIPIS, SUNPRIDE PISANG CAVENDISH",0.0010581544023632115
"JERUK NIPIS, TOMAT GONDOL MERAH KG",0.001410872536484282
RTE-P TUNA MAYONAISE SANDWICH,0.005996208280058198
"RTE SALAD BUFFET PEPITO, RTE-P TUNA MAYONAISE SANDWICH",0.001146333935893479
GROUND BEEF SPECIAL KG,0.006084387813588466
PRINGLES ORIGINAL 102GR,0.006084387813588466
BCC DONUT MATCHA,0.006084387813588466
"BCC DONUT CHEESE, BCC DONUT MATCHA",0.0012345134694237469
"BCC DONUT CHOCOLATE, BCC DONUT MATCHA",0.0014549623032494158
SALAK BALI,0.0061284775803536
"MANGGIS, SALAK BALI",0.002821745072968564
BCC CARROT CAKE SLICE,0.0061284775803536
"BCC CAPPUCCINO, BCC CARROT CAKE SLICE",0.0022485781050218243
RTE-P CHICKEN WRAP,0.006437105947709537
"RTE SALAD BUFFET PEPITO, RTE-P CHICKEN WRAP",0.0013226930029540144
ORCHID MOCHI ALL VARIAN,0.006481195714474671
PEPITO AIR MINERAL 1500ML,0.0065252854812398045
MANGGA BUDI RAJA,0.006569375248004938
"MANGGA BUDI RAJA, SUNPRIDE PISANG CAVENDISH",0.0010140646355980777
"DRAGON FRUIT MERAH, MANGGA BUDI RAJA",0.001410872536484282
"MANGGA BUDI RAJA, MANGGIS",0.0018958599709007538
JERUK WOGAN,0.006657554781535206
"JERUK WOGAN, SUNPRIDE PISANG CAVENDISH",0.0019399497376658878
BCC BROWNIS SLICE,0.006657554781535206
BCC FRENCH BREAD 300GR,0.00670164454830034
CHICKEN LIVER / HATI AYAM KG,0.0067457343150654735
BCC BURGER BUN 5 PCS,0.0067457343150654735
"BCC ARTISAN SOURDOUGH, BCC BURGER BUN 5 PCS",0.0010581544023632115
COCA COLA ZERO CAN 250ML,0.006789824081830607
"COCA COLA ZERO CAN 250ML, SUNPRIDE PISANG CAVENDISH",0.0011022441691283453
ALPUKAT,0.006789824081830607
"ALPUKAT, SUNPRIDE PISANG CAVENDISH",0.0011022441691283453
KIWI GREEN,0.006789824081830607
PEPAYA RED LADY,0.006922093382126009
"DRAGON FRUIT MERAH, PEPAYA RED LADY",0.0010140646355980777
"PEPAYA RED LADY, SEMANGKA MERAH NB",0.0011022441691283453
"PEPAYA RED LADY, SUNPRIDE PISANG CAVENDISH",0.0012345134694237469
RTE CHICKEN HONEY BBQ,0.006922093382126009
"RTE CHICKEN HONEY BBQ, RTE-P CHICKEN YAKITORI",0.0010581544023632115
"RTE CHICKEN HONEY BBQ, RTE SALAD BUFFET PEPITO",0.002072219037961289
BAWANG PUTIH KG,0.006966183148891142
"BAWANG PUTIH KG, KENTANG BESAR KG",0.001146333935893479
"BAWANG PUTIH KG, TOMAT GONDOL MERAH KG",0.0012786032361888806
"BAWANG PUTIH KG, WORTEL MEDAN KG",0.0013226930029540144
"BAWANG BOMBAY KG, BAWANG PUTIH KG",0.0018958599709007538
TELUR CURAH KG,0.007010272915656276
BCC CAFE LATTE,0.007010272915656276
RTE-P CHICKEN KATSU,0.007098452449186544
"RTE-P CHICKEN KATSU, RTE-P POTATO WEDGES",0.0013667827697191482
"RTE SALAD BUFFET PEPITO, RTE-P CHICKEN KATSU",0.00185177020413562
"RTE-P CHICKEN KATSU, RTE-P CHICKEN YAKITORI",0.0020281292711961554
LEMON IMPORT,0.0071425422159516775
NANAS HONI SUNPRIDE MEDIUM 7S,0.0071425422159516775
"NANAS HONI SUNPRIDE MEDIUM 7S, SUNPRIDE PISANG CAVENDISH",0.0011022441691283453
BCC APPLE PIE CRUMBLE SLICE,0.0071425422159516775
"BCC APPLE PIE CRUMBLE SLICE, BCC CAPPUCCINO",0.0026894757726731626
BCC ICED CAFFE LATTE,0.007186631982716811
BCC STRAWBERRY TARTLETTE,0.007318901283012213
"BCC MIX FRUIT TARTLETTE, BCC STRAWBERRY TARTLETTE",0.0012786032361888806
BCC ES KOPI ORI,0.007495260350072748
BCC MIX FRUIT TARTLETTE,0.007715709183898418
MANGGA HARUM MANIS,0.007759798950663551
"MANGGA HARUM MANIS, SUNPRIDE PISANG CAVENDISH",0.0013667827697191482
"DRAGON FRUIT MERAH, MANGGA HARUM MANIS",0.0014990520700145496
"MANGGA HARUM MANIS, MANGGIS",0.0017195009038402187
GRAPE RED GLOBE PREMIUM AUST,0.007847978484193819
"GRAPE RED GLOBE PREMIUM AUST, SUNPRIDE PISANG CAVENDISH",0.00185177020413562
SELADA KERITING HIJAU KG,0.008112517084784622
"SELADA KERITING HIJAU KG, TOMAT GONDOL MERAH KG",0.0011022441691283453
INDOMIE GORENG JUMBO 120GR,0.008156606851549755
"INDOMIE GORENG JUMBO 120GR, INDOMIE GORENG SPC PLUS 84GR",0.0013226930029540144
BIANKA YOUNG COCONUT NEW,0.008156606851549755
"BIANKA YOUNG COCONUT NEW, SUNPRIDE PISANG CAVENDISH",0.0011904237026586129
BCC ARTISAN BROICHE,0.008377055685375424
BCC BLUEBERRY CHEESE CAKE SLICE,0.008421145452140559
"BCC BLUEBERRY CHEESE CAKE SLICE, BCC TRADITIONAL CHEESE CAKE SLICE",0.0011022441691283453
"BCC BLUEBERRY CHEESE CAKE SLICE, BCC CHOCOLATE CAKE SLICE",0.001146333935893479
GRAPE GREEN MUSCAT 500 GR,0.00855341475243596
"GRAPE GREEN MUSCAT 500 GR, SUNPRIDE PISANG CAVENDISH",0.002116308804726423
KENTANG BESAR KG,0.008641594285966227
"BROKOLI LOKAL KG, KENTANG BESAR KG",0.0010140646355980777
"CHICKEN BREAST BONELESS KG, KENTANG BESAR KG",0.0010140646355980777
"KENTANG BESAR KG, SUNPRIDE PISANG CAVENDISH",0.0012786032361888806
"KENTANG BESAR KG, TOMAT GONDOL MERAH KG",0.0014990520700145496
"BAWANG BOMBAY KG, KENTANG BESAR KG",0.002601296239142895
"KENTANG BESAR KG, WORTEL MEDAN KG",0.002645386005908029
FRUIT CUT 35K,0.008950222653322164
"FRUIT CUT 30K, FRUIT CUT 35K",0.0021603985714915568
INDOMIE GORENG SPC PLUS 84GR,0.009038402186852432
POP MIE KARE 57GR,0.009302940787443235
"POP MIE KARE 57GR, SUNPRIDE PISANG CAVENDISH",0.001146333935893479
"POP MIE KARE 57GR, TARI BALI MEMAN KACANG 300GR",0.0011904237026586129
"AQUA MINERAL WATER 1500ML, POP MIE KARE 57GR",0.001675411137075085
"MANGGIS, POP MIE KARE 57GR",0.002072219037961289
"MANGGIS, POP MIE AYAM 57GR, POP MIE KARE 57GR",0.001146333935893479
"POP MIE AYAM 57GR, POP MIE KARE 57GR",0.0038358097085666415
BCC CHOCOLATE CAKE SLICE,0.009523389621268903
"BCC CAPPUCCINO, BCC CHOCOLATE CAKE SLICE",0.0010140646355980777
PEPAYA CALINA,0.009523389621268903
"PEPAYA CALINA, SEMANGKA MERAH NB",0.0011904237026586129
"DRAGON FRUIT MERAH, PEPAYA CALINA",0.0015872316035448174
"PEPAYA CALINA, SUNPRIDE PISANG CAVENDISH",0.0017195009038402187
RTE-P CHICKEN LEG BBQ,0.009567479388034037
"RTE-P CHICKEN LEG BBQ, RTE-P POTATO WEDGES",0.0014549623032494158
"RTE-P CHICKEN LEG BBQ, RTE-P CHICKEN YAKITORI",0.0018958599709007538
"RTE SALAD BUFFET PEPITO, RTE-P CHICKEN LEG BBQ",0.00370354040827124
TARI BALI MEMAN KACANG 300GR,0.00961156915479917
"POP MIE AYAM 57GR, TARI BALI MEMAN KACANG 300GR",0.0013226930029540144
"AQUA MINERAL WATER 1500ML, TARI BALI MEMAN KACANG 300GR",0.001410872536484282
"MANGGIS, TARI BALI MEMAN KACANG 300GR",0.002072219037961289
RTE-P ROAST BEEF STRIPLOIN,0.009699748688329438
"RTE-P POTATO WEDGES, RTE-P ROAST BEEF STRIPLOIN",0.0015872316035448174
"RTE-P CHICKEN YAKITORI, RTE-P ROAST BEEF STRIPLOIN",0.001675411137075085
"RTE SALAD BUFFET PEPITO, RTE-P ROAST BEEF STRIPLOIN",0.0037917199418015077
RTE-P PORK BELLY KG,0.009699748688329438
"RTE-P PORK BELLY KG, RTE-P POTATO WEDGES",0.0014549623032494158
"RTE-P CHICKEN YAKITORI, RTE-P PORK BELLY KG",0.002336757638552092
"RTE SALAD BUFFET PEPITO, RTE-P PORK BELLY KG",0.0033949120409153036
WORTEL MEDAN KG,0.009787928221859706
"CHICKEN BREAST BONELESS KG, WORTEL MEDAN KG",0.001146333935893479
"SUNPRIDE PISANG CAVENDISH, WORTEL MEDAN KG",0.0019399497376658878
"BROKOLI LOKAL KG, WORTEL MEDAN KG",0.0019840395044310216
"TOMAT GONDOL MERAH KG, WORTEL MEDAN KG",0.0020281292711961554
"BAWANG BOMBAY KG, WORTEL MEDAN KG",0.0020281292711961554
RUJAK SEGAR 400GR,0.00983201798862484
"FRUIT CUT 30K, RUJAK SEGAR 400GR",0.0010581544023632115
"RTE SALAD BUFFET PEPITO, RUJAK SEGAR 400GR",0.0013226930029540144
SQ ALMOND 10X2X10X55G,0.007936158017724087
"SQ ALMOND 10X2X10X55G, SQ CASHEW 10X2X10X55G",0.0039239892420969095
BROKOLI LOKAL KG,0.009743838455094573
"BROKOLI LOKAL KG, CHICKEN BREAST BONELESS KG",0.0015431418367796833
"BROKOLI LOKAL KG, SUNPRIDE PISANG CAVENDISH",0.0018076804373704863
SQ CASHEW 10X2X10X55G,0.007715709183898418
BCC TRADITIONAL CHEESE CAKE SLICE,0.010228825889511045
TOMAT GONDOL MERAH KG,0.011375159825404524
"BAWANG BOMBAY KG, TOMAT GONDOL MERAH KG",0.0018958599709007538
"SUNPRIDE PISANG CAVENDISH, TOMAT GONDOL MERAH KG",0.0022485781050218243
BAWANG BOMBAY KG,0.011419249592169658
"BAWANG BOMBAY KG, MUSHROOM ENOKI 100 GR",0.0010140646355980777
"BAWANG BOMBAY KG, SUNPRIDE PISANG CAVENDISH",0.0011904237026586129
"BAWANG BOMBAY KG, CHICKEN BREAST BONELESS KG",0.0015431418367796833
BCC AMERICANO,0.011463339358934791
"BCC AMERICANO, BCC CAPPUCCINO",0.0012345134694237469
BCC ARTISAN SOURDOUGH,0.011551518892465059
POP MIE AYAM 57GR,0.011816057493055861
"LE MINERALE 1500ML, POP MIE AYAM 57GR",0.001410872536484282
"AQUA MINERAL WATER 1500ML, POP MIE AYAM 57GR",0.002072219037961289
"MANGGIS, POP MIE AYAM 57GR",0.002601296239142895
MERUBALI COCONUT CHIPS CHOCOLATE 50GR,0.011948326793351264
RTE-P CHICKEN BREAST BBQ,0.0122569551607072
"RTE-P CHICKEN BREAST BBQ, RTE-P CHICKEN YAKITORI",0.0021603985714915568
"RTE-P CHICKEN BREAST BBQ, RTE-P POTATO WEDGES",0.0022044883382566906
"RTE SALAD BUFFET PEPITO, RTE-P CHICKEN BREAST BBQ",0.003747630175036374
BCC RAISIN DANISH,0.013711917463956615
"BCC DONUT CHEESE, BCC RAISIN DANISH",0.0011904237026586129
"BCC RAISIN DANISH, BCC SUISSE DANISH",0.0018076804373704863
"BCC CROISSANT PLAIN 60GR, BCC RAISIN DANISH",0.002072219037961289
"BCC CHOCOLATINE, BCC RAISIN DANISH",0.0024690269388474937
"BCC ALMOND CROISSANT, BCC RAISIN DANISH",0.002601296239142895
RTE-P CHICKEN ROASTED,0.014152815131607955
"RTE-P CHICKEN ROASTED, SUNPRIDE PISANG CAVENDISH",0.0010140646355980777
"RTE-P CHICKEN ROASTED, RTE-P CHICKEN YAKITORI",0.001410872536484282
"RTE SALAD BUFFET PEPITO, RTE-P CHICKEN ROASTED",0.0029540143732639653
BCC SUISSE DANISH,0.014152815131607955
"BCC SUISSE DANISH, RTE SALAD BUFFET PEPITO",0.0010140646355980777
"BCC DONUT CHEESE, BCC SUISSE DANISH",0.0010581544023632115
"BCC CAPPUCCINO, BCC SUISSE DANISH",0.00092588510206781
"BCC CROISSANT PLAIN 60GR, BCC SUISSE DANISH",0.0011904237026586129
"BCC CHOCOLATINE, BCC SUISSE DANISH",0.0019399497376658878
"BCC ALMOND CROISSANT, BCC SUISSE DANISH",0.00277765530620343
BCC BANANA CAKE SLICE,0.014902341166615228
"BCC BANANA CAKE SLICE, BCC DONUT SPRINKLE",0.0011022441691283453
"BCC BANANA CAKE SLICE, BCC DONUT CHOCOLATE",0.001146333935893479
"BCC BANANA CAKE SLICE, BCC DONUT CHEESE",0.0014990520700145496
BCC CHOCOLATINE,0.014946430933380363
"BCC CHOCOLATINE, BCC DONUT CHEESE",0.0010581544023632115
"BCC CHOCOLATINE, BCC DONUT SPRINKLE",0.0011904237026586129
"BCC CAPPUCCINO, BCC CHOCOLATINE",0.001146333935893479
"BCC ALMOND CROISSANT, BCC CHOCOLATINE",0.002821745072968564
"BCC CHOCOLATINE, BCC CROISSANT PLAIN 60GR",0.0029099246064988316
DRAGON FRUIT MERAH,0.015122790000440898
"DRAGON FRUIT MERAH, SEMANGKA MERAH NB",0.0013667827697191482
"DRAGON FRUIT MERAH, MANGGIS",0.0030862836735593667
"DRAGON FRUIT MERAH, SUNPRIDE PISANG CAVENDISH",0.0036153608747409726
RTE-P POTATO WEDGES,0.01560777743485737
"RTE SALAD BUFFET PEPITO, RTE-P POTATO WEDGES",0.004188527842687712
"RTE SALAD BUFFET PEPITO, RTE-P CHICKEN YAKITORI, RTE-P POTATO WEDGES",0.0015872316035448174
"RTE-P CHICKEN YAKITORI, RTE-P POTATO WEDGES",0.0065252854812398045
BCC CROISSANT PLAIN 60GR,0.01560777743485737
"BCC CROISSANT PLAIN 60GR, BCC DONUT CHOCOLATE",0.0010140646355980777
"BCC CAPPUCCINO, BCC CROISSANT PLAIN 60GR",0.0012786032361888806
"BCC ALMOND CROISSANT, BCC CROISSANT PLAIN 60GR",0.0020281292711961554
LE MINERALE 600ML,0.015651867201622503
"LE MINERALE 600ML, SUNPRIDE PISANG CAVENDISH",0.0014990520700145496
"LE MINERALE 600ML, RTE SALAD BUFFET PEPITO",0.0020281292711961554
FRUIT BOX 20 NEW,0.015916405802213308
"FRUIT BOX 20 NEW, RTE-P CHICKEN YAKITORI",0.0015431418367796833
"FRUIT BOX 20 NEW, SUNPRIDE PISANG CAVENDISH",0.0017195009038402187
"FRUIT BOX 20 NEW, RTE SALAD BUFFET PEPITO",0.0020281292711961554
BCC DONUT CHEESE,0.015916405802213308
"BCC ALMOND CROISSANT, BCC DONUT CHEESE",0.0015431418367796833
"BCC DONUT CHEESE, BCC DONUT SPRINKLE",0.004717605043869318
"BCC DONUT CHEESE, BCC DONUT CHOCOLATE, BCC DONUT SPRINKLE",0.00185177020413562
"BCC DONUT CHEESE, BCC DONUT CHOCOLATE",0.004982143644460121
MUSHROOM ENOKI 100 GR,0.016842290904281118
"MUSHROOM ENOKI 100 GR, RTE SALAD BUFFET PEPITO",0.0010581544023632115
"MUSHROOM ENOKI 100 GR, SUNPRIDE PISANG CAVENDISH",0.0012786032361888806
LE MINERALE 1500ML,0.01803271460693973
"LE MINERALE 1500ML, MANGGIS",0.0012345134694237469
"LE MINERALE 1500ML, SUNPRIDE PISANG CAVENDISH",0.0014549623032494158
"LE MINERALE 1500ML, RTE SALAD BUFFET PEPITO",0.0015431418367796833
BCC DONUT CHOCOLATE,0.018120894140469995
"BCC ALMOND CROISSANT, BCC DONUT CHOCOLATE",0.0012345134694237469
"BCC DONUT CHOCOLATE, BCC DONUT SPRINKLE",0.00555531061240686
BCC ALMOND CROISSANT,0.020281292711961555
"BCC ALMOND CROISSANT, RTE SALAD BUFFET PEPITO",0.0010581544023632115
"BCC ALMOND CROISSANT, BCC DONUT SPRINKLE",0.0010581544023632115
"BCC ALMOND CROISSANT, BCC CAPPUCCINO",0.0014990520700145496
CHICKEN BREAST BONELESS KG,0.02036947224549182
"CHICKEN BREAST BONELESS KG, RTE SALAD BUFFET PEPITO",0.0011904237026586129
"CHICKEN BREAST BONELESS KG, SUNPRIDE PISANG CAVENDISH",0.0018958599709007538
SEMANGKA MERAH NB,0.020545831312552356
"RTE SALAD BUFFET PEPITO, SEMANGKA MERAH NB",0.0011022441691283453
"SEMANGKA MERAH NB, SUNPRIDE PISANG CAVENDISH",0.00335082227415017
BCC CAPPUCCINO,0.021030818746968827
"BCC CAPPUCCINO, RTE SALAD BUFFET PEPITO",0.0012345134694237469
FRUIT CUT 30K,0.022133062916097172
"FRUIT CUT 30K, RTE-P CHICKEN YAKITORI",0.0013667827697191482
"FRUIT CUT 30K, RTE SALAD BUFFET PEPITO",0.002821745072968564
"FRUIT CUT 30K, SUNPRIDE PISANG CAVENDISH",0.0029099246064988316
BCC DONUT SPRINKLE,0.022309421983157707
AQUA MINERAL WATER 1500ML,0.022529870816983377
"AQUA MINERAL WATER 1500ML, RTE SALAD BUFFET PEPITO",0.001146333935893479
"AQUA MINERAL WATER 1500ML, AQUA MINERAL WATER 600ML",0.0019399497376658878
"AQUA MINERAL WATER 1500ML, MANGGIS",0.0024249371720823595
"AQUA MINERAL WATER 1500ML, SUNPRIDE PISANG CAVENDISH",0.0025131167056126275
AQUA MINERAL WATER 600ML,0.024028922886997928
"AQUA MINERAL WATER 600ML, MANGGIS",0.0010140646355980777
"AQUA MINERAL WATER 600ML, RTE-P CHICKEN YAKITORI",0.001146333935893479
"AQUA MINERAL WATER 600ML, SUNPRIDE PISANG CAVENDISH",0.00185177020413562
"AQUA MINERAL WATER 600ML, RTE SALAD BUFFET PEPITO",0.0032626427406199023
MANGGIS,0.024337551254353863
"MANGGIS, SUNPRIDE PISANG CAVENDISH",0.0020281292711961554
RTE-P CHICKEN YAKITORI,0.037344032450068336
"RTE-P CHICKEN YAKITORI, SUNPRIDE PISANG CAVENDISH",0.0015872316035448174
"RTE SALAD BUFFET PEPITO, RTE-P CHICKEN YAKITORI",0.012477403994532869
SUNPRIDE PISANG CAVENDISH,0.053348617785811916
"RTE SALAD BUFFET PEPITO, SUNPRIDE PISANG CAVENDISH",0.004761694810634451
RTE SALAD BUFFET PEPITO,0.08756227679555575
